{"stats":{"minecraft:killed_by":{"minecraft:husk":5,"ars_nouveau:wilden_stalker":1,"thermal:basalz":1,"minecraft:zombie":8,"iceandfire:fire_dragon":4},"minecraft:dropped":{"sophisticatedbackpacks:iron_backpack":1,"minecraft:enchanted_book":2,"minecraft:iron_ingot":1,"xreliquary:witch_hat":1,"corruptional:corrupt_essence":10,"minecraft:iron_sword":1,"minecraft:golden_helmet":1,"minecraft:golden_pickaxe":1,"minecraft:mossy_cobblestone":4,"minecraft:book":6,"bountifulbaubles:gloves_dexterity":2,"minecraft:apple":1,"wyrmroost:cooked_common_meat":1,"minecraft:cracked_stone_bricks":15,"travelersbackpack:standard":1,"minecraft:chainmail_helmet":2,"minecraft:emerald":2,"minecraft:cobweb":2,"forbidden_arcanus:spawner_scrap":13,"minecraft:potion":1,"minecraft:iron_leggings":2,"minecraft:gold_nugget":2,"minecraft:iron_axe":1,"minecraft:glistering_melon_slice":4,"minecraft:white_wool":1,"ars_nouveau:wilden_horn":1,"minecraft:trapped_chest":1,"apotheosis:scrap_tome":1,"minecraft:gold_ingot":64,"minecraft:bone":4,"minecraft:furnace":1,"quark:tallow":1,"xreliquary:zombie_heart":2,"minecraft:golden_chestplate":1,"forbidden_arcanus:mundabitur_dust":2,"minecraft:rotten_flesh":64,"minecraft:iron_boots":1,"thermal:strawberry_seeds":1,"minecraft:chainmail_chestplate":1,"nameless_trinkets:sleeping_pills":1,"minecraft:filled_map":5,"minecraft:diamond_sword":3,"minecraft:potato":1,"minecraft:shield":2,"minecraft:diamond_chestplate":1,"minecraft:spruce_trapdoor":6,"minecraft:spruce_planks":1,"minecraft:diamond_pickaxe":2,"minecraft:iron_chestplate":3,"mysticalagriculture:inferium_essence":16,"minecraft:leather_boots":1,"minecraft:golden_leggings":1,"bountifulbaubles:amulet_cross":2,"minecraft:stone_bricks":12,"minecraft:spider_eye":6,"minecraft:iron_ore":6,"minecraft:iron_bars":1,"minecraft:arrow":22,"minecraft:wooden_pickaxe":1,"nameless_trinkets:fertilizer":2,"iceandfire:chared_grass":2,"minecraft:netherrack":1,"nameless_trinkets:experience_battery":1},"minecraft:crafted":{"minecraft:air":91,"minecraft:iron_ingot":20},"minecraft:mined":{"minecraft:diamond_ore":9,"minecraft:mossy_cobblestone":2,"minecraft:obsidian":7,"alltheores:ore_zinc":2,"minecraft:nether_bricks":2,"minecraft:grass_block":132,"minecraft:chiseled_stone_bricks":2,"minecraft:spawner":13,"tardis:xion_crystal":1,"minecraft:furnace":1,"minecraft:iron_ore":15,"chisel:marble/raw":2,"wyrmroost:platinum_ore":9,"minecraft:nether_brick_stairs":1,"minecraft:vine":2,"minecraft:iron_bars":8,"cavesandcliffs:deepslate_iron_ore":7,"minecraft:stone":604,"minecraft:polished_granite":64,"quark:stone_speleothem":1,"minecraft:tall_grass":3,"minecraft:cobblestone":231,"minecraft:oak_planks":73,"minecraft:bricks":66,"minecraft:diorite":62,"minecraft:birch_planks":2,"forbidden_arcanus:xpetrified_ore":2,"mekanism:fluorite_ore":1,"minecraft:birch_log":4,"quark:marble":69,"byg:short_grass":2,"minecraft:birch_leaves":3,"quark:deepslate":15,"minecraft:grass":58,"minecraft:oak_log":7,"minecraft:coal_ore":15,"minecraft:dirt":76,"minecraft:lodestone":1,"minecraft:cobweb":1,"minecraft:cracked_stone_bricks":15,"minecraft:stone_bricks":1,"minecraft:polished_andesite":2,"minecraft:netherrack":1,"appliedenergistics2:quartz_ore":5,"minecraft:mossy_stone_bricks":2},"minecraft:broken":{"minecraft:diamond_helmet":2,"minecraft:iron_boots":1,"minecraft:shield":1,"minecraft:golden_axe":1,"minecraft:leather_boots":1,"minecraft:wooden_axe":1},"minecraft:killed":{"minecraft:cave_spider":6,"thermal:basalz":3,"minecraft:witch":1,"minecraft:spider":5,"chaosawakens:termite":6,"minecraft:skeleton":7,"minecraft:husk":1,"minecraft:pig":1,"minecraft:creeper":3,"chaosawakens:apple_cow":1,"minecraft:sheep":1,"wyrmroost:overworld_drake":1,"minecraft:pillager":3,"minecraft:zombie":33,"ars_nouveau:wilden_stalker":4,"minecraft:stray":2,"iceandfire:pixie":1,"minecraft:wither_skeleton":2,"minecraft:enderman":1},"minecraft:custom":{"lootr:looted_stat":87,"minecraft:mob_kills":95,"minecraft:interact_with_crafting_table":18,"minecraft:leave_game":3,"minecraft:time_since_death":6000,"minecraft:climb_one_cm":6702,"minecraft:sprint_one_cm":309111,"minecraft:walk_one_cm":220990,"minecraft:damage_blocked_by_shield":3184,"minecraft:drop":132,"minecraft:deaths":20,"minecraft:sneak_time":5309,"minecraft:walk_under_water_one_cm":5590,"minecraft:jump":1454,"minecraft:walk_on_water_one_cm":11612,"minecraft:interact_with_furnace":17,"minecraft:play_one_minute":115753,"minecraft:time_since_rest":6101,"minecraft:damage_absorbed":280,"minecraft:damage_taken":13787,"minecraft:damage_dealt":18245,"minecraft:swim_one_cm":6230,"minecraft:fly_one_cm":218051,"minecraft:crouch_one_cm":9657,"minecraft:fall_one_cm":35255},"minecraft:used":{"quark:cobbled_deepslate":9,"minecraft:shield":61,"minecraft:iron_sword":37,"minecraft:rotten_flesh":1,"minecraft:torch":13,"minecraft:dirt":15,"minecraft:nether_bricks":1,"minecraft:carrot":12,"minecraft:wooden_axe":25,"minecraft:bricks":26,"minecraft:iron_axe":14,"quark:smooth_basalt":1,"minecraft:golden_carrot":1,"minecraft:furnace":2,"minecraft:golden_axe":16,"minecraft:birch_planks":20,"minecraft:stone_pickaxe":36,"minecraft:polished_andesite":3,"minecraft:baked_potato":6,"minecraft:oak_planks":6,"minecraft:diamond_axe":3,"iceandfire:chared_dirt":2,"minecraft:golden_apple":7,"minecraft:crafting_table":4,"minecraft:diamond_pickaxe":1323,"minecraft:apple":9,"minecraft:bread":13,"minecraft:iron_pickaxe":73,"minecraft:diamond_sword":425,"minecraft:cobblestone":25,"travelersbackpack:standard":1,"minecraft:andesite":1,"minecraft:golden_pickaxe":12,"minecraft:splash_potion":1,"minecraft:cobweb":1},"minecraft:picked_up":{"minecraft:wooden_axe":1,"minecraft:iron_chestplate":1,"minecraft:wheat":3,"bountifulbaubles:gloves_dexterity":1,"minecraft:leather_leggings":1,"minecraft:diamond_sword":1,"minecraft:wooden_pickaxe":2,"minecraft:enchanted_book":3,"nameless_trinkets:fertilizer":2,"forbidden_arcanus:xpetrified_orb":2,"minecraft:string":16,"minecraft:iron_leggings":1,"special_drops:goat_goatee":1,"minecraft:zombie_head":1,"minecraft:cracked_stone_bricks":15,"minecraft:gold_nugget":4,"mysticalagriculture:inferium_essence":12,"apotheosis:scrap_tome":1,"chaosawakens:butter_candy":2,"minecraft:spruce_planks":1,"minecraft:beef":1,"minecraft:iron_pickaxe":1,"minecraft:spruce_trapdoor":6,"minecraft:furnace":1,"minecraft:dark_oak_door":1,"iceandfire:pixie_dust":1,"xreliquary:zombie_heart":2,"cavesandcliffs:deepslate_iron_ore":7,"iceandfire:chared_grass":2,"minecraft:porkchop":1,"wyrmroost:cooked_common_meat":2,"minecraft:carrot":2,"minecraft:golden_chestplate":1,"minecraft:arrow":17,"minecraft:rotten_flesh":66,"quark:smooth_basalt":1,"minecraft:nether_bricks":1,"ars_nouveau:worn_notebook":1,"iceandfire:chared_dirt":2,"chaosawakens:wasp_stinger":1,"minecraft:glistering_melon_slice":2,"minecraft:gold_ingot":46,"minecraft:mutton":2,"minecraft:obsidian":7,"minecraft:iron_bars":1,"forbidden_arcanus:spawner_scrap":12,"minecraft:white_wool":1,"minecraft:cobblestone":30,"minecraft:birch_log":4,"nameless_trinkets:creeper_sense":1,"minecraft:andesite":1,"minecraft:leather":2,"minecraft:golden_leggings":2,"minecraft:potato":1,"minecraft:filled_map":4,"minecraft:birch_planks":4,"tardis:xion_crystal":1,"minecraft:oak_log":7,"minecraft:chainmail_chestplate":1,"minecraft:golden_boots":1,"minecraft:dirt":15,"minecraft:leather_boots":2,"minecraft:red_carpet":10,"minecraft:bone":11,"minecraft:apple":4,"minecraft:stone_bricks":12,"quark:tallow":1,"minecraft:iron_ingot":2,"minecraft:stone_pickaxe":1,"minecraft:iron_ore":27,"minecraft:diamond_helmet":1,"minecraft:iron_sword":1,"minecraft:oak_planks":14,"minecraft:book":6,"minecraft:chiseled_stone_bricks":1,"thermal:strawberry_seeds":1,"corruptional:corrupt_essence":13,"minecraft:spider_eye":6,"minecraft:mossy_cobblestone":4,"quark:cobbled_deepslate":9,"forbidden_arcanus:ender_pearl_fragment":4,"minecraft:polished_andesite":3,"minecraft:diamond":11,"minecraft:chainmail_leggings":1,"mekanism:fluorite_gem":4,"minecraft:diamond_axe":1,"bountifulbaubles:amulet_cross":2,"minecraft:emerald":2,"minecraft:lodestone":1,"minecraft:chainmail_helmet":3,"xreliquary:rib_bone":1,"minecraft:bricks":65,"minecraft:netherrack":1,"minecraft:coal":23,"minecraft:diamond_pickaxe":2}},"DataVersion":2586}