{"stats":{"minecraft:killed_by":{"minecraft:cave_spider":1,"minecraft:zombie":5,"minecraft:husk":15,"minecraft:spider":1,"minecraft:enderman":1,"ars_nouveau:wilden_stalker":2},"minecraft:dropped":{"minecraft:iron_sword":2,"minecraft:ender_pearl":8,"minecraft:glass_bottle":5,"iceandfire:chared_dirt":2,"minecraft:mossy_cobblestone_wall":1,"travelersbackpack:standard":1,"minecraft:leather_helmet":1,"minecraft:dirt":68,"chaosawakens:wasp_stinger":1,"iceandfire:chared_gravel":8,"minecraft:gold_nugget":12,"minecraft:bone_block":18,"thermal:peanut_seeds":2,"minecraft:iron_pickaxe":2,"ars_nouveau:wilden_horn":2,"minecraft:gold_ingot":47,"minecraft:bone":8,"minecraft:oak_door":1,"xreliquary:zombie_heart":3,"minecraft:music_disc_chirp":2,"minecraft:soul_lantern":1,"minecraft:rotten_flesh":27,"minecraft:enchanted_golden_apple":1,"kubejs:jumpy_bug_scale":1,"minecraft:carrot":6,"thermal:eggplant_seeds":3,"patchouli:guide_book":1,"minecraft:chiseled_stone_bricks":1,"minecraft:leather_chestplate":2,"minecraft:tipped_arrow":2,"minecraft:gunpowder":6,"mysticalagriculture:inferium_essence":32,"minecraft:leather_boots":1,"minecraft:leather_leggings":1,"forbidden_arcanus:arcane_crystal":2,"minecraft:iron_ore":7,"minecraft:iron_bars":2,"minecraft:arrow":1,"nameless_trinkets:fertilizer":1,"cavesandcliffs:pointed_dripstone":10,"iceandfire:chared_grass":4,"immersiveengineering:seed":2,"minecraft:enchanted_book":2,"minecraft:bread":12,"minecraft:iron_ingot":18,"corruptional:corrupt_essence":6,"minecraft:golden_helmet":1,"minecraft:tnt":1,"minecraft:mossy_cobblestone":1,"relics:chorus_inhibitor":1,"minecraft:cobblestone":58,"minecraft:apple":1,"nameless_trinkets:gills":1,"bountifulbaubles:potion_wormhole":1,"thermal:barley_seeds":1,"minecraft:stick":17,"minecraft:cobweb":16,"minecraft:wooden_axe":1,"forbidden_arcanus:spawner_scrap":17,"supplementaries:bomb_blue":1,"minecraft:zombie_head":3,"minecraft:potion":2,"minecraft:iron_leggings":2,"minecraft:chainmail_leggings":1,"minecraft:string":7,"ars_nouveau:wilden_wing":1,"minecraft:stone_sword":1,"minecraft:clay_ball":4,"minecraft:iron_boots":1,"alexsmobs:ancient_dart":2,"minecraft:name_tag":4,"bountifulbaubles:sunglasses":3,"minecraft:filled_map":1,"minecraft:diamond_sword":2,"quark:smooth_basalt":3,"minecraft:diamond_pickaxe":2,"minecraft:iron_chestplate":1,"minecraft:andesite":124,"minecraft:mossy_stone_bricks":4,"minecraft:golden_leggings":1,"minecraft:oak_sapling":16,"minecraft:stone_bricks":51,"minecraft:spider_eye":6,"alltheores:ore_lead":4,"minecraft:diamond_boots":1,"minecraft:bow":1,"minecraft:stone_pickaxe":1,"minecraft:wooden_pickaxe":2},"minecraft:crafted":{"minecraft:air":164},"minecraft:mined":{"chaosawakens:apple_leaves":21,"graveyard:gray_urn":1,"minecraft:grass_block":3,"chaosawakens:red_ant_infested_ore":1,"minecraft:yellow_carpet":2,"gobber2:gobber2_lucky_block":1,"minecraft:chiseled_stone_bricks":1,"minecraft:spawner":36,"wyrmroost:platinum_ore":2,"minecraft:anvil":1,"minecraft:iron_bars":6,"supplementaries:book_pile":1,"chaosawakens:termite_infested_ore":3,"minecraft:clay":1,"minecraft:mossy_cobblestone_wall":1,"quark:stone_speleothem":1,"minecraft:white_stained_glass_pane":1,"minecraft:oak_planks":1,"minecraft:damaged_anvil":1,"cavesandcliffs:deepslate_diamond_ore":3,"minecraft:black_bed":1,"minecraft:grass":9,"minecraft:oak_log":24,"minecraft:dirt":3,"appliedenergistics2:quartz_ore":1,"minecraft:oak_leaves":18,"minecraft:emerald_block":3,"minecraft:dark_prismarine":5,"minecraft:diamond_ore":6,"minecraft:light_gray_stained_glass_pane":1,"quark:cobbled_deepslate":1,"chaosawakens:marble_block":1,"minecraft:jungle_planks":3,"minecraft:large_fern":1,"forbidden_arcanus:arcane_crystal_ore":2,"minecraft:andesite":2,"chisel:marble/raw":2,"quark:smooth_basalt":1,"minecraft:gold_block":5,"minecraft:bookshelf":1,"minecraft:vine":10,"minecraft:stone":55,"chaosawakens:amethyst_ore":11,"scalinghealth:heart_crystal_ore":5,"minecraft:glass_pane":3,"draconicevolution:overworld_draconium_ore":2,"travelersbackpack:standard":1,"minecraft:crafting_table":3,"minecraft:lectern":1,"minecraft:tall_grass":1,"minecraft:birch_planks":3,"minecraft:coarse_dirt":6,"graveyard:skull_with_rib_cage":1,"forbidden_arcanus:xpetrified_ore":1,"graveyard:tg_cobbled_deepslate_wall":1,"graveyard:moss_block":1,"minecraft:white_wall_banner":2,"quark:deepslate":4,"quark:monster_box":1,"graveyard:leaning_skeleton":2,"chaosawakens:cherry_leaves":5,"ars_nouveau:arcane_ore":4,"minecraft:polished_andesite":4,"minecraft:mossy_stone_bricks":1,"minecraft:chipped_anvil":1,"minecraft:infested_stone":1,"minecraft:fern":2},"minecraft:broken":{"minecraft:diamond_helmet":1,"minecraft:iron_leggings":1,"minecraft:stone_axe":1,"minecraft:netherite_helmet":1,"minecraft:leather_boots":1},"minecraft:killed":{"mowziesmobs:barakoan_barakoana":4,"guardvillagers:guard":2,"minecraft:cave_spider":9,"minecraft:witch":2,"minecraft:spider":16,"chaosawakens:red_ant":11,"chaosawakens:wasp":3,"chaosawakens:termite":31,"minecraft:skeleton":28,"graveyard:acolyte":2,"minecraft:silverfish":4,"chaosawakens:golden_apple_cow":3,"minecraft:skeleton_horse":2,"minecraft:pig":4,"betteranimalsplus:pheasant":1,"minecraft:creeper":6,"minecraft:pillager":2,"minecraft:zombie":62,"minecraft:stray":6,"minecraft:vindicator":2,"betteranimalsplus:boar":2,"minecraft:horse":1,"minecraft:husk":1,"pandoras_creatures:arachnon":1,"ars_nouveau:wilden_stalker":4,"mowziesmobs:barakoana":1,"ars_nouveau:wilden_hunter":1,"minecraft:enderman":4},"minecraft:custom":{"lootr:looted_stat":113,"minecraft:interact_with_crafting_table":18,"minecraft:open_barrel":4,"minecraft:leave_game":1,"minecraft:time_since_death":5642,"minecraft:sprint_one_cm":534041,"minecraft:drop":224,"minecraft:talked_to_villager":6,"minecraft:deaths":27,"minecraft:jump":2074,"minecraft:walk_on_water_one_cm":22072,"minecraft:interact_with_furnace":1,"minecraft:play_one_minute":140406,"minecraft:sleep_in_bed":1,"minecraft:waystone_activated":1,"minecraft:damage_dealt":47827,"minecraft:player_kills":1,"minecraft:crouch_one_cm":11859,"minecraft:horse_one_cm":999,"minecraft:mob_kills":271,"minecraft:interact_with_anvil":4,"minecraft:climb_one_cm":4881,"minecraft:walk_one_cm":525215,"minecraft:sneak_time":5022,"minecraft:walk_under_water_one_cm":10240,"minecraft:tune_noteblock":3,"minecraft:time_since_rest":5672,"minecraft:damage_taken":19482,"minecraft:damage_absorbed":526,"minecraft:swim_one_cm":30151,"minecraft:fly_one_cm":368700,"minecraft:open_chest":41,"minecraft:fall_one_cm":74634},"minecraft:used":{"minecraft:shield":1,"minecraft:rotten_flesh":1,"minecraft:stone_bricks":7,"chisel:marble/raw":1,"minecraft:item_frame":1,"minecraft:oak_sapling":1,"minecraft:damaged_anvil":1,"chaosawakens:sun_fish":1,"minecraft:stone_pickaxe":5,"minecraft:oak_planks":46,"minecraft:wooden_pickaxe":14,"minecraft:diamond_axe":50,"minecraft:golden_apple":14,"minecraft:diamond_sword":710,"betteranimalsplus:boarhead_light_brown":1,"minecraft:dirt":31,"minecraft:anvil":1,"minecraft:wooden_axe":15,"gobber2:gobber2_gooey_beef":1,"minecraft:beef":5,"minecraft:polished_andesite":2,"special_drops:horse_pickaxe":5,"minecraft:crafting_table":5,"minecraft:tnt":1,"minecraft:oak_log":1,"minecraft:diamond_pickaxe":199,"minecraft:apple":21,"minecraft:stone_axe":67,"minecraft:cobblestone":75,"minecraft:potion":4,"travelersbackpack:standard":10,"minecraft:white_banner":2,"minecraft:porkchop":3,"quark:oak_chest":3},"minecraft:picked_up":{"minecraft:anvil":1,"minecraft:flower_pot":2,"supplementaries:bomb_blue":1,"minecraft:diamond_sword":2,"minecraft:enchanted_book":11,"minecraft:potion":3,"minecraft:stone_brick_stairs":6,"byg:rainbow_eucalyptus_sapling":2,"forbidden_arcanus:xpetrified_orb":1,"minecraft:string":18,"alexsmobs:ancient_dart":2,"minecraft:iron_leggings":4,"thermal:barley_seeds":1,"minecraft:zombie_head":3,"ars_nouveau:mana_gem":8,"mysticalagriculture:inferium_essence":46,"minecraft:gold_nugget":61,"minecraft:spruce_planks":2,"minecraft:iron_pickaxe":1,"draconicevolution:draconium_dust":7,"minecraft:enchanted_golden_apple":1,"wstweaks:fragment":4,"minecraft:iron_boots":3,"minecraft:golden_helmet":1,"minecraft:tipped_arrow":2,"minecraft:stick":17,"botania:lexicon":1,"nameless_trinkets:gods_crown":1,"xreliquary:zombie_heart":5,"minecraft:spruce_stairs":1,"pandoras_creatures:arachnon_crystal":1,"minecraft:porkchop":5,"minecraft:stone_sword":1,"minecraft:rotten_flesh":45,"ars_nouveau:worn_notebook":1,"chaosawakens:wasp_stinger":3,"nameless_trinkets:gills":1,"relics:chorus_inhibitor":1,"minecraft:iron_bars":2,"minecraft:cobblestone":255,"minecraft:leather_chestplate":1,"chaosawakens:amethyst":11,"minecraft:andesite":124,"minecraft:golden_leggings":1,"minecraft:dirt":133,"lootr:trophy":1,"minecraft:name_tag":1,"minecraft:leather_boots":2,"bhc:red_heart":9,"minecraft:bone":27,"minecraft:chipped_anvil":1,"minecraft:bow":2,"gobber2:gobber2_gooey_beef":1,"apotheosis:digger_book":1,"minecraft:mossy_stone_bricks":4,"tconstruct:necrotic_bone":3,"minecraft:cooked_porkchop":7,"apotheosis:null_book":1,"minecraft:lily_of_the_valley":1,"ars_nouveau:wilden_horn":2,"minecraft:mossy_cobblestone":1,"minecraft:polished_andesite":2,"special_drops:skeleton_chestplate":1,"minecraft:yellow_carpet":2,"minecraft:diamond":9,"minecraft:soul_lantern":1,"thermal:eggplant_seeds":3,"minecraft:golden_apple":5,"special_drops:horse_pickaxe":1,"minecraft:bread":12,"minecraft:emerald":2,"minecraft:oak_sapling":17,"minecraft:diamond_pickaxe":2,"minecraft:crafting_table":3,"kubejs:jumpy_bug_scale":1,"iceandfire:witherbone":2,"minecraft:clay_ball":4,"minecraft:leather_leggings":1,"apotheosis:weapon_book":1,"minecraft:wooden_pickaxe":1,"minecraft:stone_brick_wall":1,"minecraft:gold_block":1,"nameless_trinkets:fertilizer":1,"minecraft:shield":2,"chaosawakens:salt":5,"minecraft:item_frame":1,"supplementaries:bomb":2,"apotheosis:scrap_tome":1,"chaosawakens:butter_candy":6,"apotheosis:armor_feet_book":1,"minecraft:mossy_cobblestone_wall":1,"minecraft:beef":13,"chaosawakens:cherries":17,"minecraft:lectern":1,"minecraft:oak_door":1,"iceandfire:chared_grass":4,"apotheosis:common_tome":1,"minecraft:carrot":6,"thermal:peanut_seeds":2,"minecraft:tnt":7,"chaosawakens:apple_sapling":3,"minecraft:arrow":8,"minecraft:diamond_chestplate":1,"betteranimalsplus:boarhead_light_brown":1,"quark:smooth_basalt":3,"minecraft:diamond_boots":2,"iceandfire:chared_dirt":2,"alltheores:ore_lead":4,"forbidden_arcanus:spawner_scrap":30,"minecraft:bone_block":18,"minecraft:air":0,"minecraft:leather":14,"minecraft:filled_map":1,"relics:fragrant_flower":1,"ars_nouveau:wilden_wing":1,"minecraft:oak_log":24,"minecraft:cobblestone_wall":13,"minecraft:gunpowder":6,"minecraft:white_banner":2,"minecraft:apple":31,"minecraft:stone_bricks":20,"minecraft:iron_ingot":36,"minecraft:iron_ore":7,"quark:tallow":4,"minecraft:cobweb":16,"minecraft:glass_bottle":2,"minecraft:iron_sword":2,"minecraft:music_disc_chirp":3,"minecraft:book":9,"minecraft:emerald_block":2,"minecraft:chiseled_stone_bricks":1,"chisel:marble/raw":1,"cavesandcliffs:pointed_dripstone":10,"corruptional:corrupt_essence":7,"minecraft:spider_eye":11,"bountifulbaubles:potion_wormhole":1,"minecraft:leather_helmet":1,"forbidden_arcanus:arcane_crystal":2,"travelersbackpack:standard":3,"immersiveengineering:seed":3,"xreliquary:chelicerae":3,"minecraft:chainmail_leggings":1,"bountifulbaubles:sunglasses":3,"minecraft:damaged_anvil":1,"iceandfire:chared_gravel":11,"minecraft:ender_pearl":8}},"DataVersion":2586}