{"stats":{"minecraft:killed_by":{"minecraft:husk":5,"minecraft:player":1,"minecraft:creeper":2,"ars_nouveau:wilden_stalker":2,"minecraft:skeleton":1,"minecraft:zombie":8,"iceandfire:fire_dragon":2},"minecraft:dropped":{"xreliquary:witch_hat":1,"corruptional:corrupt_essence":15,"minecraft:iron_sword":1,"levinide:pelt":10,"minecraft:wheat_seeds":1,"minecraft:golden_helmet":1,"minecraft:cooked_beef":2,"gobber2:gobber2_foo":2,"minecraft:lilac":1,"minecraft:golden_pickaxe":1,"minecraft:mossy_cobblestone":7,"minecraft:glass_bottle":1,"pandoras_creatures:bufflon_player_seats":1,"iceandfire:chared_dirt":2,"minecraft:iron_helmet":1,"minecraft:cobblestone":70,"minecraft:lead":1,"minecraft:book":2,"bountifulbaubles:gloves_dexterity":3,"minecraft:leather":1,"relics:spider_necklace":1,"minecraft:cracked_stone_bricks":6,"minecraft:rail":2,"minecraft:yellow_carpet":6,"minecraft:leather_helmet":1,"minecraft:cobblestone_stairs":1,"ars_nouveau:mana_gem":3,"minecraft:polished_andesite":2,"minecraft:dirt":1,"ars_nouveau:worn_notebook":1,"tconstruct:materials_and_you":1,"xreliquary:rib_bone":4,"minecraft:wooden_axe":1,"minecraft:rose_bush":1,"iceandfire:chared_gravel":8,"forbidden_arcanus:spawner_scrap":21,"minecraft:zombie_head":5,"minecraft:gold_nugget":6,"minecraft:iron_leggings":2,"minecraft:bone_meal":3,"mysticalagriculture:prosperity_shard":4,"thermal:peanut_seeds":1,"thermal:radish_seeds":1,"graveyard:gray_urn":2,"minecraft:iron_shovel":1,"minecraft:chainmail_leggings":1,"minecraft:string":29,"minecraft:white_wool":1,"minecraft:dandelion":1,"minecraft:bone":2,"alltheores:ore_nickel":3,"xreliquary:zombie_heart":6,"pandoras_creatures:horsetail":2,"minecraft:golden_chestplate":1,"alexsmobs:animal_dictionary":1,"bountifulbaubles:potion_recall":1,"minecraft:wheat":9,"minecraft:soul_lantern":1,"forbidden_arcanus:mundabitur_dust":2,"minecraft:rotten_flesh":35,"minecraft:iron_boots":1,"minecraft:oak_planks":4,"forbidden_arcanus:aureal_bottle":1,"patchouli:guide_book":1,"minecraft:chainmail_chestplate":4,"bountifulbaubles:sunglasses":3,"minecraft:filled_map":3,"minecraft:chiseled_stone_bricks":8,"minecraft:poppy":2,"minecraft:cobblestone_slab":2,"minecraft:potato":1,"tardis:xion_crystal":1,"minecraft:spruce_trapdoor":1,"minecraft:skeleton_skull":4,"minecraft:iron_chestplate":5,"minecraft:diamond_pickaxe":2,"minecraft:mossy_stone_bricks":3,"mysticalagriculture:inferium_essence":30,"minecraft:golden_leggings":1,"minecraft:leather_boots":3,"minecraft:chainmail_boots":1,"minecraft:spider_eye":2,"minecraft:iron_ore":6,"alltheores:ore_silver":1,"minecraft:iron_bars":9,"minecraft:arrow":1,"minecraft:stone_pickaxe":1,"iceandfire:chared_grass":2,"minecraft:stone_brick_stairs":5,"immersiveengineering:seed":7},"minecraft:crafted":{"minecraft:stone_pickaxe":1,"minecraft:crafting_table":1,"minecraft:wooden_pickaxe":1,"minecraft:air":617,"minecraft:stick":4,"minecraft:iron_pickaxe":1,"minecraft:iron_ingot":3},"minecraft:mined":{"byg:redwood_log":8,"mysticalagriculture:prosperity_ore":2,"minecraft:diamond_ore":3,"minecraft:mossy_cobblestone":1,"minecraft:mossy_stone_brick_slab":2,"minecraft:cobblestone_stairs":1,"minecraft:red_nether_bricks":1,"minecraft:grass_block":2,"minecraft:yellow_carpet":2,"gobber2:gobber2_lucky_block":1,"iceandfire:chared_dirt":1,"minecraft:chiseled_stone_bricks":1,"minecraft:spawner":14,"minecraft:hay_block":44,"tardis:xion_crystal":1,"alltheores:ore_silver":1,"minecraft:iron_ore":1,"alltheores:ore_nickel":4,"quark:smooth_basalt":1,"minecraft:gold_block":4,"minecraft:cobblestone_slab":2,"iceandfire:gold_pile":1,"minecraft:vine":2,"minecraft:iron_bars":2,"minecraft:stone":12,"minecraft:stone_brick_slab":2,"minecraft:dandelion":4,"minecraft:crafting_table":3,"minecraft:poppy":4,"minecraft:rose_bush":2,"pandoras_creatures:horsetail":2,"minecraft:tall_grass":8,"minecraft:cobblestone":4,"chaosawakens:brown_ant_nest":1,"forbidden_arcanus:xpetrified_ore":1,"minecraft:stone_brick_stairs":6,"minecraft:lilac":1,"quark:deepslate":2,"minecraft:grass":44,"minecraft:oak_log":7,"minecraft:cobweb":3,"minecraft:cracked_stone_bricks":3,"minecraft:stone_bricks":7,"minecraft:polished_andesite":3,"minecraft:emerald_block":2,"minecraft:fern":1},"minecraft:broken":{"minecraft:iron_leggings":1,"minecraft:diamond_boots":1,"minecraft:shield":1},"minecraft:killed":{"mowziesmobs:barakoan_barakoana":1,"minecraft:evoker":1,"minecraft:vex":5,"minecraft:cave_spider":2,"minecraft:vindicator":1,"minecraft:spider":9,"chaosawakens:termite":1,"minecraft:horse":1,"minecraft:skeleton":7,"iceandfire:fire_dragon":1,"minecraft:silverfish":2,"chaosawakens:bird":1,"minecraft:creeper":2,"minecraft:pillager":4,"mowziesmobs:barakoana":1,"minecraft:donkey":1,"minecraft:zombie":33,"ars_nouveau:wilden_stalker":1,"minecraft:stray":4,"minecraft:enderman":4,"minecraft:cow":1},"minecraft:custom":{"lootr:looted_stat":81,"minecraft:mob_kills":90,"minecraft:interact_with_crafting_table":10,"minecraft:open_barrel":1,"minecraft:time_since_death":11317,"minecraft:climb_one_cm":9559,"minecraft:sprint_one_cm":278708,"minecraft:walk_one_cm":257290,"minecraft:damage_blocked_by_shield":4981,"minecraft:drop":178,"minecraft:deaths":29,"minecraft:sneak_time":5061,"minecraft:walk_under_water_one_cm":6192,"minecraft:jump":2158,"minecraft:walk_on_water_one_cm":15319,"minecraft:interact_with_furnace":4,"minecraft:play_one_minute":137594,"minecraft:sleep_in_bed":1,"minecraft:time_since_rest":11343,"minecraft:waystone_activated":2,"minecraft:damage_taken":15153,"minecraft:damage_absorbed":321,"minecraft:damage_dealt":18931,"minecraft:swim_one_cm":27330,"minecraft:fly_one_cm":401710,"minecraft:crouch_one_cm":14448,"minecraft:fall_one_cm":59672},"minecraft:used":{"minecraft:diamond_hoe":61,"minecraft:shield":18,"minecraft:wooden_axe":17,"minecraft:stone_bricks":1,"minecraft:golden_carrot":1,"alltheores:ore_nickel":1,"minecraft:mossy_stone_bricks":1,"minecraft:stone_pickaxe":5,"minecraft:ender_pearl":3,"minecraft:wooden_pickaxe":4,"minecraft:golden_apple":8,"minecraft:crafting_table":4,"minecraft:crossbow":3,"minecraft:diamond_pickaxe":59,"minecraft:bread":23,"minecraft:iron_pickaxe":18,"forbidden_arcanus:aureal_bottle":1,"minecraft:diamond_ore":2,"minecraft:cobblestone":14,"minecraft:diamond_sword":291,"byg:redwood_planks":1,"alexsmobs:animal_dictionary":1},"minecraft:picked_up":{"minecraft:iron_chestplate":4,"minecraft:crafting_table":3,"minecraft:wheat":6,"bountifulbaubles:gloves_dexterity":3,"minecraft:golden_pickaxe":1,"alltheores:ore_silver":1,"minecraft:diamond_sword":3,"alltheores:ore_nickel":4,"minecraft:oak_stairs":1,"minecraft:gold_block":8,"minecraft:enchanted_book":4,"minecraft:stone_brick_stairs":5,"special_drops:glow_squid_lantern":1,"minecraft:shield":2,"forbidden_arcanus:xpetrified_orb":1,"minecraft:string":29,"minecraft:red_nether_bricks":1,"minecraft:iron_leggings":2,"minecraft:iron_shovel":1,"minecraft:zombie_head":6,"minecraft:cracked_stone_bricks":9,"mysticalagriculture:inferium_essence":35,"minecraft:gold_nugget":6,"minecraft:beef":1,"byg:redwood_log":8,"minecraft:rose_bush":1,"minecraft:cobblestone_slab":2,"minecraft:poppy":2,"minecraft:spruce_trapdoor":1,"special_drops:spider_fang":1,"minecraft:iron_boots":1,"minecraft:golden_helmet":1,"minecraft:tipped_arrow":5,"xreliquary:zombie_heart":9,"iceandfire:chared_grass":2,"mysticalagriculture:prosperity_shard":4,"minecraft:carrot":1,"minecraft:golden_chestplate":1,"gobber2:gobber2_foo":2,"thermal:peanut_seeds":1,"bountifulbaubles:potion_recall":1,"minecraft:arrow":39,"minecraft:rotten_flesh":42,"ars_nouveau:worn_notebook":1,"iceandfire:chared_dirt":2,"minecraft:hay_block":43,"graveyard:gray_urn":2,"minecraft:gold_ingot":64,"thermal:radish_seeds":2,"minecraft:totem_of_undying":1,"minecraft:rail":2,"minecraft:iron_bars":9,"forbidden_arcanus:spawner_scrap":22,"minecraft:skeleton_skull":4,"minecraft:white_wool":1,"minecraft:cobblestone":218,"bhc:blue_heart":1,"minecraft:leather_chestplate":1,"minecraft:lilac":1,"minecraft:golden_carrot":3,"minecraft:black_bed":1,"minecraft:leather":1,"minecraft:golden_leggings":1,"mowziesmobs:barakoa_mask_fury":1,"minecraft:potato":1,"minecraft:filled_map":3,"tardis:xion_crystal":1,"minecraft:oak_log":7,"minecraft:chainmail_chestplate":2,"minecraft:gunpowder":4,"minecraft:cobblestone_stairs":1,"relics:spider_necklace":1,"minecraft:dirt":1,"minecraft:leather_boots":3,"bhc:red_heart":5,"minecraft:bone":26,"minecraft:stone_bricks":1,"forbidden_arcanus:mundabitur_dust":2,"minecraft:wheat_seeds":1,"minecraft:iron_ingot":2,"minecraft:iron_ore":8,"minecraft:mossy_stone_bricks":4,"chaosawakens:brown_ant_nest":1,"minecraft:iron_sword":2,"minecraft:book":2,"minecraft:emerald_block":3,"nameless_trinkets:experience_battery":1,"nameless_trinkets:sleeping_pills":1,"minecraft:chiseled_stone_bricks":8,"iceandfire:ash":1,"pandoras_creatures:horsetail":2,"minecraft:dandelion":1,"sophisticatedbackpacks:iron_backpack":1,"xreliquary:witch_hat":1,"corruptional:corrupt_essence":17,"minecraft:nether_brick_stairs":2,"thermal:green_bean_seeds":1,"minecraft:mossy_cobblestone":11,"minecraft:spider_eye":3,"minecraft:leather_helmet":1,"minecraft:dark_prismarine":1,"quark:cobbled_deepslate":8,"minecraft:polished_andesite":2,"minecraft:yellow_carpet":6,"minecraft:diamond":3,"immersiveengineering:seed":7,"minecraft:soul_lantern":1,"minecraft:chainmail_leggings":1,"minecraft:iron_helmet":1,"bountifulbaubles:sunglasses":2,"minecraft:bone_meal":3,"minecraft:emerald":1,"xreliquary:rib_bone":5,"iceandfire:chared_gravel":8,"minecraft:netherrack":1,"minecraft:coal":1,"minecraft:diamond_pickaxe":2,"minecraft:ender_pearl":2}},"DataVersion":2586}